run_timestamp_local,obs_time_local,date,slot,location,lat,lon,source,temp_c,feels_like_c,humidity_pct,precip_mm,rain_mm,cloud_pct,pressure_hpa,wind_kmh,wind_dir_deg,wind_gust_kmh,weather_code,day_tmax_c,day_tmin_c,day_precip_mm,day_gust_max_kmh,quality_flag
2026-10-08 12:43,2026-10-08 12:30,2026-10-08,midday,Katima Mulilo,-17.5,24.27,open-meteo,33.5,35.3,31,0.0,0.0,17,1014.1,12.5,75,36.4,0,34.5,19.9,0.0,40.0,ok
2026-10-08 12:43,2026-10-08 12:30,2026-10-08,midday,Keetmanshoop,-26.58,18.13,open-meteo,31.6,33.4,23,0.0,0.0,1,1014.3,4.5,166,19.4,0,35.9,16.2,0.0,55.4,ok
2026-10-08 12:43,2026-10-08 12:30,2026-10-08,midday,Lüderitz,-26.65,15.16,open-meteo,19.6,16.3,51,0.0,0.0,0,1017.0,33.8,188,53.3,0,19.9,11.4,0.0,67.0,ok
2026-10-08 12:43,2026-10-08 12:30,2026-10-08,midday,Okaukuejo,-19.18,15.92,open-meteo,34.4,33.5,15,0.0,0.0,0,1013.5,14.4,43,30.2,0,36.2,17.9,0.0,31.0,ok
2026-10-08 12:43,2026-10-08 12:30,2026-10-08,midday,Rundu,-17.92,19.77,open-meteo,34.5,33.9,23,0.0,0.0,25,1013.6,16.5,54,37.4,1,35.1,22.0,0.0,37.4,ok
2026-10-08 12:43,2026-10-08 12:30,2026-10-08,midday,Sesriem,-24.49,15.8,open-meteo,34.2,32.8,12,0.0,0.0,0,1013.4,13.9,246,28.8,0,34.3,14.9,0.0,41.8,ok
2026-10-08 12:43,2026-10-08 12:30,2026-10-08,midday,Swakopmund,-22.68,14.53,open-meteo,16.2,16.3,71,0.0,0.0,42,1017.9,15.4,284,30.2,1,16.5,11.2,0.0,35.6,ok
2026-10-08 12:43,2026-10-08 12:30,2026-10-08,midday,Walvis Bay,-22.96,14.51,open-meteo,17.6,18.4,63,0.0,0.0,61,1017.7,12.5,290,27.7,2,18.5,9.8,0.0,38.9,ok
2026-10-08 12:43,2026-10-08 12:30,2026-10-08,midday,Windhoek,-22.56,17.08,open-meteo,31.4,29.6,16,0.0,0.0,21,1014.7,15.8,331,41.0,1,32.2,16.1,0.0,42.5,ok
2026-10-08 18:43,2026-10-08 18:30,2026-10-08,evening,Katima Mulilo,-17.5,24.27,open-meteo,29.1,28.7,38,0.0,0.0,17,1012.3,9.4,92,22.3,0,34.0,19.9,0.0,42.5,ok
2026-10-08 18:43,2026-10-08 18:30,2026-10-08,evening,Keetmanshoop,-26.58,18.13,open-meteo,33.2,29.1,19,0.0,0.0,6,1010.3,21.1,199,31.7,0,36.0,16.2,0.0,54.4,ok
2026-10-08 18:43,2026-10-08 18:30,2026-10-08,evening,Lüderitz,-26.65,15.16,open-meteo,14.7,8.5,75,0.0,0.0,0,1015.8,43.0,179,66.2,0,20.2,11.4,0.0,67.7,ok
2026-10-08 18:43,2026-10-08 18:30,2026-10-08,evening,Okaukuejo,-19.18,15.92,open-meteo,32.4,27.8,8,0.0,0.0,0,1009.6,11.3,346,24.8,0,36.2,17.9,0.0,29.9,ok
2026-10-08 18:43,2026-10-08 18:30,2026-10-08,evening,Rundu,-17.92,19.77,open-meteo,31.7,28.7,22,0.0,0.0,22,1010.7,15.7,53,29.9,1,35.2,22.0,0.0,38.9,ok
2026-10-08 18:43,2026-10-08 18:30,2026-10-08,evening,Sesriem,-24.49,15.8,open-meteo,28.0,23.2,16,0.0,0.0,0,1013.7,18.1,237,35.3,0,34.7,14.9,0.0,43.2,ok
2026-10-08 18:43,2026-10-08 18:30,2026-10-08,evening,Swakopmund,-22.68,14.53,open-meteo,15.5,13.5,76,0.0,0.0,0,1015.8,17.1,217,31.0,0,16.8,11.2,0.0,36.0,ok
2026-10-08 18:43,2026-10-08 18:30,2026-10-08,evening,Walvis Bay,-22.96,14.51,open-meteo,15.8,13.3,71,0.0,0.0,0,1015.5,18.6,210,35.6,0,19.0,9.8,0.0,41.0,ok
2026-10-08 18:43,2026-10-08 18:30,2026-10-08,evening,Windhoek,-22.56,17.08,open-meteo,29.7,25.4,13,0.0,0.0,24,1011.5,13.2,17,27.0,1,32.4,16.1,0.0,43.9,ok
